City_ID,City,Country,Date,Lat,Lng,Max Temp,Humidity,Cloudiness,Wind Speed
0,Cabo San Lucas,MX,2021-06-14 14:31:42,22.8909,-109.9124,83.52,80,100,2.75
1,Georgetown,MY,2021-06-14 14:30:11,5.4112,100.3354,83.89,85,20,2.3
2,Komsomolskiy,UZ,2021-06-14 14:31:43,40.4272,71.7189,84.92,15,21,11.5
3,Verkhnyaya Inta,RU,2021-06-14 14:31:44,65.9811,60.3094,70.95,58,43,14.23
4,Hilo,US,2021-06-14 14:30:39,19.7297,-155.09,70.79,91,90,0.0
5,Avarua,CK,2021-06-14 14:28:49,-21.2078,-159.775,73.45,68,75,5.75
6,Ca Mau,VN,2021-06-14 14:31:45,9.1769,105.15,79.92,84,12,3.65
7,Kavaratti,IN,2021-06-14 14:31:46,10.5669,72.642,83.17,76,100,23.73
8,Port Elizabeth,ZA,2021-06-14 14:31:47,-33.918,25.5701,66.49,68,0,4.61
9,East London,ZA,2021-06-14 14:31:48,-33.0153,27.9116,63.54,77,0,4.61
10,Jamestown,US,2021-06-14 14:27:25,42.097,-79.2353,70.09,80,90,4.0
11,Yellowknife,CA,2021-06-14 14:30:12,62.456,-114.3525,59.52,67,40,3.44
12,Arraial Do Cabo,BR,2021-06-14 14:31:49,-22.9661,-42.0278,73.26,64,40,8.05
13,Castro,BR,2021-06-14 14:31:50,-24.7911,-50.0119,62.29,47,1,4.47
14,Nago,JP,2021-06-14 14:31:50,26.5881,127.9761,80.67,90,67,9.06
15,Hobart,AU,2021-06-14 14:28:31,-42.8794,147.3294,51.93,92,90,0.0
16,Westport,US,2021-06-14 14:30:40,41.1415,-73.3579,67.32,91,90,3.0
17,Mpanda,TZ,2021-06-14 14:31:53,-6.3655,31.0409,79.0,43,100,1.79
18,Kaspiyskiy,RU,2021-06-14 14:31:53,45.3929,47.3707,80.33,53,90,7.11
19,Jalu,LY,2021-06-14 14:31:54,29.0331,21.5482,89.83,19,0,13.44
20,Mataura,NZ,2021-06-14 14:31:54,-46.1927,168.8643,47.48,98,100,1.74
21,Katherine,AU,2021-06-14 14:31:55,-14.4667,132.2667,66.52,72,93,6.91
22,Vaini,TO,2021-06-14 14:31:56,-21.2,-175.2,73.56,94,75,8.05
23,Busselton,AU,2021-06-14 14:31:56,-33.65,115.3333,47.08,61,100,14.74
24,Port Hardy,CA,2021-06-14 14:31:57,50.6996,-127.4199,53.78,87,75,0.0
25,Yar-Sale,RU,2021-06-14 14:31:58,66.8333,70.8333,68.76,47,81,8.99
26,Svetlogorsk,BY,2021-06-14 14:31:58,52.6333,29.7333,72.84,58,14,4.05
27,Puerto Ayora,EC,2021-06-14 14:31:59,-0.7393,-90.3518,75.16,90,98,5.01
28,Bengkulu,ID,2021-06-14 14:31:59,-3.8004,102.2655,77.65,89,86,6.55
29,Port-Cartier,CA,2021-06-14 14:27:06,50.0334,-66.8654,56.75,62,100,9.66
30,Ketchikan,US,2021-06-14 14:32:00,55.3422,-131.6461,55.87,88,75,3.44
31,Punta Arenas,CL,2021-06-14 14:32:01,-53.15,-70.9167,37.51,70,0,14.97
32,Atuona,PF,2021-06-14 14:32:01,-9.8,-139.0333,79.23,74,10,15.86
33,Bluff,NZ,2021-06-14 14:32:02,-46.6,168.3333,47.8,94,98,6.29
34,Cape Town,ZA,2021-06-14 14:31:18,-33.9258,18.4232,66.61,69,0,2.3
35,Kaitangata,NZ,2021-06-14 14:32:03,-46.2817,169.8464,47.84,96,60,1.43
36,Ahipara,NZ,2021-06-14 14:32:04,-35.1667,173.1667,61.36,95,100,6.6
37,Havelock,US,2021-06-14 14:32:04,34.8791,-76.9013,82.35,80,99,1.99
38,Beloha,MG,2021-06-14 14:32:05,-25.1667,45.05,66.96,74,0,7.25
39,Bud,US,2021-06-14 14:32:06,39.447,-86.1758,82.18,57,10,14.27
40,Oistins,BB,2021-06-14 14:28:59,13.0667,-59.5333,84.29,65,40,23.02
41,Anau,PF,2021-06-14 14:32:07,-16.5167,-151.7333,81.01,71,37,17.29
42,Rikitea,PF,2021-06-14 14:32:07,-23.1203,-134.9692,75.2,69,100,15.12
43,Namatanai,PG,2021-06-14 14:32:08,-3.6667,152.4333,79.21,84,5,6.6
44,Severo-Yeniseyskiy,RU,2021-06-14 14:32:08,60.3725,93.0408,46.54,61,19,1.99
45,Ribeira Grande,PT,2021-06-14 14:32:09,38.5167,-28.7,72.0,83,40,5.75
46,Wladyslawowo,PL,2021-06-14 14:32:09,54.7909,18.4009,74.77,69,6,4.23
47,Banda Aceh,ID,2021-06-14 14:32:10,5.5577,95.3222,81.21,81,76,9.82
48,Carnarvon,AU,2021-06-14 14:32:10,-24.8667,113.6333,59.07,63,1,9.22
49,Bethel,US,2021-06-14 14:32:11,41.3712,-73.414,65.95,90,90,8.05
50,Ushuaia,AR,2021-06-14 14:30:09,-54.8,-68.3,38.82,81,75,21.85
51,Berlevag,NO,2021-06-14 14:32:12,70.8578,29.0864,49.8,66,75,6.91
52,Mortka,RU,2021-06-14 14:32:13,59.3322,66.0214,74.68,48,56,6.44
53,Saint-Philippe,RE,2021-06-14 14:32:13,-21.3585,55.7679,74.79,73,85,16.53
54,Qaanaaq,GL,2021-06-14 14:32:14,77.484,-69.3632,35.33,80,12,0.63
55,Faya,SA,2021-06-14 14:32:14,18.3851,42.4509,82.92,14,43,10.4
56,Albany,US,2021-06-14 14:32:15,42.6001,-73.9662,64.63,92,100,1.01
57,Darnah,LY,2021-06-14 14:32:15,32.767,22.6367,76.78,58,0,22.01
58,Bambous Virieux,MU,2021-06-14 14:32:16,-20.3428,57.7575,73.65,68,20,8.05
59,Pinega,RU,2021-06-14 14:32:16,64.7001,43.3936,68.13,32,38,10.92
60,Iqaluit,CA,2021-06-14 14:30:34,63.7506,-68.5145,35.33,87,75,4.0
61,Kutum,SD,2021-06-14 14:32:18,14.2,24.6667,97.02,8,82,15.17
62,Tasiilaq,GL,2021-06-14 14:32:18,65.6145,-37.6368,44.76,76,42,2.51
63,Berdyaush,RU,2021-06-14 14:32:19,55.1619,59.1464,70.81,55,98,5.82
64,Riyadh,SA,2021-06-14 14:27:31,24.6877,46.7219,105.85,7,0,19.57
65,Miraflores,MX,2021-06-14 14:32:20,19.2167,-98.8083,59.65,83,98,4.12
66,Severo-Kurilsk,RU,2021-06-14 14:32:20,50.6789,156.125,44.01,89,25,2.33
67,Lorengau,PG,2021-06-14 14:32:21,-2.0226,147.2712,81.45,73,14,7.96
68,Saskylakh,RU,2021-06-14 14:32:22,71.9167,114.0833,43.88,83,100,14.63
69,Hermanus,ZA,2021-06-14 14:32:23,-34.4187,19.2345,66.79,75,3,7.72
70,Bacalar,MX,2021-06-14 14:32:23,18.6667,-88.3833,80.01,94,90,0.0
71,Geraldton,AU,2021-06-14 14:31:16,-28.7667,114.6,63.01,67,90,8.05
72,Leningradskiy,RU,2021-06-14 14:32:25,69.3833,178.4167,33.42,97,100,6.11
73,Geelong,AU,2021-06-14 14:31:55,-38.1471,144.3607,51.1,90,90,1.01
74,Gua Musang,MY,2021-06-14 14:32:26,4.8823,101.9644,75.15,97,80,1.72
75,Touros,BR,2021-06-14 14:32:27,-5.1989,-35.4608,86.9,64,7,13.29
76,Ilhabela,BR,2021-06-14 14:32:27,-23.7781,-45.3581,70.07,61,1,4.52
77,Tutoia,BR,2021-06-14 14:32:28,-2.7619,-42.2744,87.78,62,61,10.07
78,Barreirinhas,BR,2021-06-14 14:32:29,-2.7469,-42.8264,87.12,62,24,8.81
79,Ajdabiya,LY,2021-06-14 14:32:29,30.7554,20.2263,78.37,49,0,16.96
80,Araouane,ML,2021-06-14 14:32:30,18.9048,-3.5265,111.16,11,13,8.59
81,Hohhot,CN,2021-06-14 14:30:57,40.8106,111.6522,70.09,52,0,6.71
82,Torbay,CA,2021-06-14 14:32:31,47.6666,-52.7314,55.89,78,75,8.05
83,Antalaha,MG,2021-06-14 14:32:31,-14.9003,50.2788,73.69,87,9,1.5
84,Sterlibashevo,RU,2021-06-14 14:32:32,53.4376,55.2578,70.84,69,96,8.37
85,Butaritari,KI,2021-06-14 14:32:32,3.0707,172.7902,82.8,76,28,14.14
86,Kurayoshi,JP,2021-06-14 14:32:33,35.4333,133.8167,71.42,95,69,2.08
87,Sao Filipe,CV,2021-06-14 14:32:34,14.8961,-24.4956,76.01,72,97,8.08
88,Pisco,PE,2021-06-14 14:32:34,-13.7,-76.2167,64.45,72,51,4.61
89,Constitucion,CL,2021-06-14 14:32:35,-35.3333,-72.4167,52.61,54,100,7.74
90,Mouila,GA,2021-06-14 14:32:36,-1.8685,11.0559,89.58,56,96,1.88
91,Narsaq,GL,2021-06-14 14:32:36,60.9167,-46.05,52.02,70,53,7.18
92,Kendari,ID,2021-06-14 14:32:37,-3.945,122.4989,74.48,93,91,1.79
93,Norman Wells,CA,2021-06-14 14:32:37,65.282,-126.8329,50.04,87,75,3.44
94,Kudahuvadhoo,MV,2021-06-14 14:32:38,2.6708,72.8944,83.34,73,33,11.45
95,Tabas,IR,2021-06-14 14:32:38,33.5959,56.9244,107.42,7,0,17.83
96,Camacha,PT,2021-06-14 14:32:39,33.0833,-16.3333,71.53,73,40,14.97
97,Nishihara,JP,2021-06-14 14:32:40,26.1842,127.7558,79.88,89,75,3.44
98,Aklavik,CA,2021-06-14 14:32:41,68.2191,-135.0107,41.83,100,90,3.44
99,Custoias,PT,2021-06-14 14:32:41,41.1053,-7.321,86.45,26,12,2.57
100,San Cristobal,VE,2021-06-14 14:32:42,7.7669,-72.225,75.38,47,87,7.23
101,Sharon,US,2021-06-14 14:32:42,41.2331,-80.4934,77.14,65,75,11.5
102,Lebu,CL,2021-06-14 14:32:43,-37.6167,-73.65,48.4,64,8,19.62
103,Barrow,US,2021-06-14 14:32:44,71.2906,-156.7887,32.02,93,90,13.8
104,Hibbing,US,2021-06-14 14:32:45,47.4272,-92.9377,72.45,49,1,13.8
105,Daru,PG,2021-06-14 14:32:45,-9.0763,143.2092,77.92,92,99,8.93
106,New Norfolk,AU,2021-06-14 14:32:46,-42.7826,147.0587,51.58,84,100,0.83
107,Lagoa,PT,2021-06-14 14:32:47,39.05,-27.9833,68.11,74,23,0.89
108,Bryan,US,2021-06-14 14:30:19,30.6744,-96.37,87.55,79,1,0.0
109,Westerly,US,2021-06-14 14:32:48,41.3776,-71.8273,67.46,90,90,5.75
110,Bredasdorp,ZA,2021-06-14 14:32:48,-34.5322,20.0403,66.27,68,0,9.22
111,Thompson,CA,2021-06-14 14:32:49,55.7435,-97.8558,48.36,93,90,4.61
112,Kapaa,US,2021-06-14 14:32:50,22.0752,-159.319,75.52,83,75,10.36
113,Mount Gambier,AU,2021-06-14 14:31:37,-37.8333,140.7667,51.71,66,96,11.5
114,Provideniya,RU,2021-06-14 14:32:50,64.3833,-173.3,36.01,99,100,6.93
115,Salinas,US,2021-06-14 14:30:37,36.6777,-121.6555,65.86,81,40,3.44
116,Talnakh,RU,2021-06-14 14:32:51,69.4865,88.3972,47.7,84,13,10.45
117,Nemuro,JP,2021-06-14 14:32:52,43.3236,145.575,46.99,97,100,13.31
118,Namibe,AO,2021-06-14 14:32:52,-15.1961,12.1522,90.23,51,0,11.5
119,Karabulak,RU,2021-06-14 14:32:53,43.3036,44.8964,79.36,70,9,5.01
120,Maceio,BR,2021-06-14 14:31:22,-9.6658,-35.7353,81.84,74,75,9.22
121,Cidreira,BR,2021-06-14 14:32:54,-30.1811,-50.2056,66.31,58,0,1.7
122,Faanui,PF,2021-06-14 14:32:54,-16.4833,-151.75,81.1,71,34,17.38
123,Dawei,MM,2021-06-14 14:32:55,14.0833,98.2,76.42,95,100,2.68
124,Conversion,PH,2021-06-14 14:32:55,15.8984,121.1277,74.37,94,100,0.76
125,Great Bend,US,2021-06-14 14:32:56,38.3645,-98.7648,83.84,65,1,5.01
126,Tamiahua,MX,2021-06-14 14:32:57,21.2667,-97.45,75.25,90,100,6.93
127,Vuktyl,RU,2021-06-14 14:32:57,63.8567,57.3094,71.69,61,70,9.86
128,Thinadhoo,MV,2021-06-14 14:32:58,0.5333,72.9333,83.48,72,96,7.45
129,Labuhan,ID,2021-06-14 14:32:58,-6.8844,112.2051,80.08,80,100,6.24
130,Xinyu,CN,2021-06-14 14:32:59,27.8043,114.9334,82.18,77,100,8.1
131,Naze,JP,2021-06-14 14:32:59,28.3667,129.4833,74.14,86,1,5.84
132,Ornskoldsvik,SE,2021-06-14 14:33:00,63.2909,18.7153,64.22,59,75,10.36
133,Dikson,RU,2021-06-14 14:33:01,73.5069,80.5464,36.3,94,27,9.82
134,Cherskiy,RU,2021-06-14 14:33:01,68.75,161.3,46.45,56,88,7.38
135,Namtsy,RU,2021-06-14 14:33:02,62.7161,129.6658,57.31,56,100,3.51
136,Bathsheba,BB,2021-06-14 14:33:02,13.2167,-59.5167,84.81,65,40,23.02
137,Padang,ID,2021-06-14 14:33:03,-0.9492,100.3543,79.05,86,100,3.4
138,Fortuna,US,2021-06-14 14:33:03,40.5982,-124.1573,61.2,76,90,0.0
139,Nuuk,GL,2021-06-14 14:33:04,64.1835,-51.7216,43.41,75,75,10.36
140,Haines Junction,CA,2021-06-14 14:33:05,60.7522,-137.5108,49.95,76,75,1.14
141,Nikolskoye,RU,2021-06-14 14:33:05,59.7035,30.7861,68.79,43,100,6.55
142,Katsuura,JP,2021-06-14 14:33:06,35.1333,140.3,69.12,78,45,0.87
143,Yei,SS,2021-06-14 14:33:06,4.095,30.6779,76.62,68,100,4.92
144,Ponta Do Sol,PT,2021-06-14 14:33:07,32.6667,-17.1,76.12,71,72,4.94
145,Rurrenabaque,BO,2021-06-14 14:33:08,-14.4413,-67.5278,75.09,78,5,0.0
146,Evensk,RU,2021-06-14 14:33:09,61.95,159.2333,45.97,70,18,7.61
147,Upernavik,GL,2021-06-14 14:33:09,72.7868,-56.1549,34.48,84,100,6.51
148,Erenhot,CN,2021-06-14 14:33:10,43.6475,111.9767,71.6,43,21,9.24
149,Buena Vista,US,2021-06-14 14:28:57,43.4203,-83.8986,70.45,74,1,5.75
150,Joniskelis,LT,2021-06-14 14:33:11,56.0253,24.1689,70.75,58,17,4.43
151,Kahului,US,2021-06-14 14:28:14,20.8947,-156.47,73.42,85,90,16.11
152,Farso,DK,2021-06-14 14:33:12,56.7728,9.3393,60.73,91,100,15.46
153,Mumbwa,ZM,2021-06-14 14:33:13,-14.9783,27.0619,73.33,24,61,4.38
154,Turukhansk,RU,2021-06-14 14:33:13,65.8167,87.9833,60.75,66,59,9.62
155,Oranienburg,DE,2021-06-14 14:33:14,52.75,13.2333,84.18,40,15,6.26
156,Vestmannaeyjar,IS,2021-06-14 14:33:14,63.4427,-20.2734,43.79,87,75,5.75
157,Esperance,AU,2021-06-14 14:33:15,-33.8667,121.9,46.24,70,96,24.94
158,Hamilton,US,2021-06-14 14:28:35,39.1834,-84.5333,81.23,56,20,1.01
159,Nunkini,MX,2021-06-14 14:33:16,20.3333,-90.1833,78.76,57,97,6.08
160,Calabozo,VE,2021-06-14 14:33:19,8.9242,-67.4293,87.33,56,14,5.55
161,Roald,NO,2021-06-14 14:33:20,62.5833,6.1333,59.16,76,40,20.71
162,Paamiut,GL,2021-06-14 14:33:20,61.994,-49.6678,37.8,88,8,6.53
163,Khatanga,RU,2021-06-14 14:33:21,71.9667,102.5,50.45,81,63,10.04
164,Koroni,GR,2021-06-14 14:33:21,36.8,21.95,81.07,60,0,18.32
165,Ancud,CL,2021-06-14 14:33:22,-41.8697,-73.8203,39.42,74,0,7.54
166,Cam Ranh,VN,2021-06-14 14:33:22,11.9214,109.1591,80.56,83,75,2.3
167,Laplace,US,2021-06-14 14:32:15,30.0666,-90.4801,83.98,77,1,5.99
168,Mehamn,NO,2021-06-14 14:33:24,71.0357,27.8492,49.91,63,60,18.34
169,Nekhayevskiy,RU,2021-06-14 14:33:25,50.4106,41.7561,74.53,72,100,5.88
170,Inhambane,MZ,2021-06-14 14:33:25,-23.865,35.3833,75.18,53,20,6.91
171,Klaksvik,FO,2021-06-14 14:33:26,62.2266,-6.589,45.52,94,68,23.26
172,Chuy,UY,2021-06-14 14:33:26,-33.6971,-53.4616,64.08,61,6,7.87
173,Port Blair,IN,2021-06-14 14:33:27,11.6667,92.75,82.62,83,100,20.22
174,Seddon,AU,2021-06-14 14:33:28,-37.8068,144.8916,51.46,88,40,4.61
175,Tuatapere,NZ,2021-06-14 14:33:28,-46.1333,167.6833,47.82,96,100,3.89
176,Sobolevo,RU,2021-06-14 14:33:29,54.4299,31.8996,70.84,77,26,4.56
177,Hofn,IS,2021-06-14 14:33:30,64.2539,-15.2082,44.62,45,75,5.75
178,Sawtell,AU,2021-06-14 14:33:30,-30.3833,153.1,50.18,95,75,4.61
179,Puerto Baquerizo Moreno,EC,2021-06-14 14:32:42,-0.9,-89.6,74.39,78,75,5.75
180,Lompoc,US,2021-06-14 14:33:31,34.6391,-120.4579,67.1,90,90,0.0
181,Buraydah,SA,2021-06-14 14:33:32,26.326,43.975,106.25,7,0,8.52
182,Antofagasta,CL,2021-06-14 14:33:32,-23.65,-70.4,66.22,53,81,7.43
183,Souillac,MU,2021-06-14 14:33:33,-20.5167,57.5167,73.78,68,20,8.05
184,Nantucket,US,2021-06-14 14:29:54,41.2835,-70.0995,71.96,64,1,14.97
185,Rocha,UY,2021-06-14 14:33:34,-34.4833,-54.3333,64.71,61,68,8.57
186,Mar Del Plata,AR,2021-06-14 14:32:29,-38.0023,-57.5575,58.08,75,40,3.0
187,Hanzhong,CN,2021-06-14 14:33:35,33.0728,107.0303,70.75,88,94,0.72
188,Corumba,BR,2021-06-14 14:33:35,-19.0092,-57.6533,78.71,53,0,9.22
189,Phan Thiet,VN,2021-06-14 14:33:36,10.9333,108.1,79.7,84,28,8.84
190,Mandurah,AU,2021-06-14 14:33:37,-32.55,115.7,53.22,58,100,18.81
191,Tromso,NO,2021-06-14 14:31:31,69.6496,18.957,52.45,61,75,9.22
192,Olga,RU,2021-06-14 14:33:38,43.7444,135.2892,48.29,97,28,4.9
193,Korla,CN,2021-06-14 14:33:38,41.7597,86.1469,66.31,35,100,18.03
194,Atar,MR,2021-06-14 14:33:39,20.5169,-13.0499,112.84,7,10,20.94
195,Coahuayana,MX,2021-06-14 14:33:39,18.7333,-103.6833,80.08,62,44,0.13
196,Suntar,RU,2021-06-14 14:33:40,62.1444,117.6319,53.47,60,48,1.74
197,Nabire,ID,2021-06-14 14:33:41,-3.3667,135.4833,75.9,91,100,1.45
198,Codrington,AU,2021-06-14 14:33:41,-38.2667,141.9667,47.64,77,100,7.2
199,Milkovo,RU,2021-06-14 14:33:42,54.7167,158.6167,51.8,70,86,4.14
200,San Joaquin,US,2021-06-14 14:33:42,37.9333,-121.3011,68.29,83,1,6.91
201,Arlit,NE,2021-06-14 14:33:43,18.7369,7.3853,106.93,8,0,21.65
202,East Bethel,US,2021-06-14 14:33:44,45.3194,-93.2025,78.04,55,20,3.0
203,La Asuncion,VE,2021-06-14 14:33:44,11.0333,-63.8628,80.33,89,78,16.11
204,Shitkino,RU,2021-06-14 14:33:45,56.3703,98.3543,44.78,94,49,1.52
205,Agde,FR,2021-06-14 14:33:46,43.3108,3.4758,98.89,48,0,3.0
206,Baisha,CN,2021-06-14 14:33:46,26.5222,110.9311,77.27,91,83,5.12
207,Vao,NC,2021-06-14 14:33:47,-22.6667,167.4833,73.13,82,5,8.46
208,Deputatskiy,RU,2021-06-14 14:33:47,69.3,139.9,48.02,82,100,3.89
209,Tarko-Sale,RU,2021-06-14 14:33:48,64.9225,77.785,70.0,60,78,1.99
210,La Chaux-De-Fonds,CH,2021-06-14 14:33:49,47.0999,6.8259,79.75,46,0,8.05
211,Knysna,ZA,2021-06-14 14:29:54,-34.0363,23.0471,62.98,68,0,6.62
212,Port Alfred,ZA,2021-06-14 14:33:50,-33.5906,26.891,63.07,86,100,5.55
213,Sitka,US,2021-06-14 14:33:50,57.0531,-135.33,55.29,76,75,0.0
214,Tabou,CI,2021-06-14 14:33:51,4.423,-7.3528,82.45,75,83,7.81
215,Raga,SS,2021-06-14 14:33:51,8.4596,25.678,92.19,39,100,3.78
216,Kruisfontein,ZA,2021-06-14 14:33:52,-34.0033,24.7314,63.88,80,8,5.97
217,Ambatofinandrahana,MG,2021-06-14 14:33:52,-20.55,46.8,55.31,89,29,2.19
218,Tenenkou,ML,2021-06-14 14:33:53,14.4572,-4.9169,106.25,19,100,2.98
219,Scarborough,GB,2021-06-14 14:33:54,54.2797,-0.4044,65.79,57,100,1.01
220,Mount Isa,AU,2021-06-14 14:33:54,-20.7333,139.5,55.17,38,48,5.75
221,Acapulco,MX,2021-06-14 14:33:45,16.8634,-99.8901,75.02,100,90,0.0
222,Raudeberg,NO,2021-06-14 14:33:55,61.9875,5.1352,56.8,89,87,19.37
223,Poum,NC,2021-06-14 14:33:56,-20.2333,164.0167,74.8,78,3,10.98
224,Sao Joao Dos Patos,BR,2021-06-14 14:33:57,-6.495,-43.7022,91.76,31,86,8.77
225,Hammerfest,NO,2021-06-14 14:33:57,70.6634,23.6821,46.13,76,75,10.36
226,Celestun,MX,2021-06-14 14:33:58,20.8667,-90.4,83.57,65,91,8.23
227,Ennis,IE,2021-06-14 14:33:59,52.8436,-8.9864,65.07,63,40,14.97
228,Soyo,AO,2021-06-14 14:34:00,-6.1349,12.3689,84.25,68,100,10.11
229,Batangafo,CF,2021-06-14 14:34:01,7.3008,18.2833,88.86,48,73,4.92
230,Sinnamary,GF,2021-06-14 14:34:01,5.3833,-52.95,83.53,73,26,7.76
231,Husavik,IS,2021-06-14 14:34:02,66.0449,-17.3389,42.71,76,100,11.03
232,Poanas,MX,2021-06-14 14:34:03,25.7667,-103.6167,78.93,43,8,7.09
233,Akrini,GR,2021-06-14 14:34:03,40.4333,21.9,68.94,24,64,9.22
234,Airai,TL,2021-06-14 14:34:04,-8.9266,125.4092,58.5,93,62,1.81
235,Misratah,LY,2021-06-14 14:34:05,32.3754,15.0925,77.95,55,0,11.18
236,Wairoa,NZ,2021-06-14 14:34:05,-39.0333,177.3667,54.55,88,40,1.99
237,Perelyub,RU,2021-06-14 14:34:06,51.8667,50.3667,70.68,76,98,7.18
238,Havre-Saint-Pierre,CA,2021-06-14 14:34:06,50.2334,-63.5986,57.56,47,20,6.91
239,Tual,ID,2021-06-14 14:34:07,-5.6667,132.75,81.39,78,89,14.88
240,Nanortalik,GL,2021-06-14 14:34:08,60.1432,-45.2371,38.12,82,81,10.54
241,Marsa Matruh,EG,2021-06-14 14:34:08,31.3525,27.2453,79.0,61,40,20.71
242,Ekibastuz,KZ,2021-06-14 14:32:41,51.6667,75.3667,72.45,39,4,12.37
243,West Bay,KY,2021-06-14 14:34:09,19.3667,-81.4167,87.08,76,20,7.0
244,Cap Malheureux,MU,2021-06-14 14:31:06,-19.9842,57.6142,73.89,65,5,3.0
245,Grand Island,US,2021-06-14 14:34:10,40.925,-98.342,76.6,65,1,1.01
246,Rancho Palos Verdes,US,2021-06-14 14:34:10,33.7445,-118.387,78.91,87,1,1.99
247,Mayo,US,2021-06-14 14:34:11,38.8876,-76.5119,80.37,72,75,4.0
248,Otorohanga,NZ,2021-06-14 14:34:12,-38.1833,175.2,57.56,99,89,1.74
249,Zhezkazgan,KZ,2021-06-14 14:34:13,47.8043,67.7144,75.85,34,12,11.99
250,Nyrob,RU,2021-06-14 14:34:13,60.733,56.7202,63.32,94,92,4.92
251,Nelson Bay,AU,2021-06-14 14:34:14,-32.7167,152.15,55.69,85,4,9.62
252,Longjiang,CN,2021-06-14 14:34:14,47.3303,123.1836,65.66,95,100,16.35
253,Kavieng,PG,2021-06-14 14:34:15,-2.5744,150.7967,82.56,77,10,13.56
254,Hirara,JP,2021-06-14 14:34:15,24.8,125.2833,83.39,87,100,15.5
255,Ola,RU,2021-06-14 14:34:16,59.5833,151.2833,43.29,85,39,7.52
256,Tuktoyaktuk,CA,2021-06-14 14:34:17,69.4541,-133.0374,32.0,100,90,6.91
257,Salalah,OM,2021-06-14 14:34:18,17.0151,54.0924,86.09,84,20,11.5
258,San Patricio,US,2021-06-14 14:34:18,28.017,-97.5169,84.9,62,0,2.68
259,Richards Bay,ZA,2021-06-14 14:34:19,-28.783,32.0377,71.31,74,61,8.84
260,San Vicente De Canete,PE,2021-06-14 14:34:19,-13.0751,-76.3835,68.85,70,37,6.93
261,Oranjestad,AW,2021-06-14 14:32:32,12.524,-70.027,85.95,66,20,21.85
262,Diego De Almagro,CL,2021-06-14 14:34:20,-26.3667,-70.05,70.29,22,45,3.89
263,Ferrol,ES,2021-06-14 14:34:21,43.4832,-8.2369,88.05,71,8,16.02
264,Mahebourg,MU,2021-06-14 14:34:22,-20.4081,57.7,73.69,68,20,8.05
265,La Ronge,CA,2021-06-14 14:31:15,55.1001,-105.2842,66.42,45,20,6.91
266,Hay River,CA,2021-06-14 14:34:23,60.8156,-115.7999,67.98,49,20,6.91
267,Karasjok,NO,2021-06-14 14:34:24,69.4719,25.5112,57.31,41,100,13.02
268,Zunyi,CN,2021-06-14 14:34:24,27.6867,106.9072,72.32,90,100,3.24
269,Alofi,NU,2021-06-14 14:34:25,-19.0595,-169.9187,75.09,83,100,13.8
270,Borgo San Dalmazzo,IT,2021-06-14 14:34:25,44.333,7.4858,85.14,53,85,3.76
271,Wewak,PG,2021-06-14 14:34:26,-3.5534,143.6268,81.28,80,95,9.1
272,Xinmin,CN,2021-06-14 14:34:27,41.9908,122.8253,71.85,71,100,13.44
273,Ugoofaaru,MV,2021-06-14 14:34:27,5.6667,73.0,83.26,77,51,16.42
274,Lodja,CD,2021-06-14 14:34:28,-3.4833,23.4333,90.46,28,100,1.92
275,Yining,CN,2021-06-14 14:34:28,29.0361,114.5636,79.57,86,99,2.93
276,Lubao,PH,2021-06-14 14:34:29,14.9167,120.55,84.15,84,74,4.85
277,Baijiantan,CN,2021-06-14 14:34:30,45.6333,85.1833,73.83,29,78,20.33
278,Gat,IL,2021-06-14 14:34:30,31.61,34.7642,81.81,45,0,16.17
279,Ammon,US,2021-06-14 14:34:31,43.4696,-111.9666,71.35,54,1,4.61
280,Lalibela,ET,2021-06-14 14:34:31,12.0333,39.0333,75.58,25,81,12.82
281,Pindiga,NG,2021-06-14 14:34:32,9.9833,10.9333,96.42,31,79,3.74
282,Hualmay,PE,2021-06-14 14:34:32,-11.0964,-77.6139,68.31,75,17,5.64
283,Mogadishu,SO,2021-06-14 14:34:33,2.0371,45.3438,82.27,65,40,17.27
284,Saint-Pierre,RE,2021-06-14 14:34:34,-21.3393,55.4781,74.88,73,0,2.3
285,Remetea,RO,2021-06-14 14:34:34,46.7833,25.45,49.98,93,100,3.24
286,Kyren,RU,2021-06-14 14:34:35,51.6828,102.1408,48.24,96,65,4.9
287,Kodiak,US,2021-06-14 14:34:35,57.79,-152.4072,40.51,87,1,5.75
288,Puerto Del Rosario,ES,2021-06-14 14:32:21,28.5004,-13.8627,78.48,64,20,17.27
289,Kilemary,RU,2021-06-14 14:34:36,56.7783,46.8659,69.73,72,98,4.63
290,Berdigestyakh,RU,2021-06-14 14:34:37,62.0989,126.6992,54.05,55,100,3.04
291,Luganville,VU,2021-06-14 14:34:38,-15.5333,167.1667,76.41,85,28,3.98
292,Atasu,KZ,2021-06-14 14:34:38,48.6814,71.6433,70.14,49,74,7.23
293,Kaeo,NZ,2021-06-14 14:34:39,-35.1,173.7833,61.32,97,100,4.14
294,Akita,JP,2021-06-14 14:34:39,39.7167,140.1167,63.82,89,9,2.28
295,Nyurba,RU,2021-06-14 14:34:40,63.2842,118.3319,54.41,67,4,5.66
296,Kapoeta,SS,2021-06-14 14:34:41,4.7717,33.5903,87.3,41,98,4.92
297,Chapada Dos Guimaraes,BR,2021-06-14 14:34:41,-15.4606,-55.7497,76.66,33,5,0.98
298,Buala,SB,2021-06-14 14:34:43,-8.145,159.5921,79.43,85,95,7.0
299,Dovolnoye,RU,2021-06-14 14:34:43,54.4958,79.6671,59.54,72,9,2.42
300,Tianmen,CN,2021-06-14 14:34:44,30.6516,113.1603,85.1,70,100,11.54
301,Bilibino,RU,2021-06-14 14:34:45,68.0546,166.4372,51.49,60,67,4.18
302,Ostrovnoy,RU,2021-06-14 14:34:45,68.0531,39.5131,60.44,46,100,9.82
303,Verkhnetulomskiy,RU,2021-06-14 14:34:46,68.6073,31.7962,62.73,32,78,8.99
304,Yashkul,RU,2021-06-14 14:34:47,46.1711,45.3435,77.61,53,6,11.21
305,Malibu,US,2021-06-14 14:31:03,34.005,-118.8101,79.65,62,61,2.48
306,Guerrero Negro,MX,2021-06-14 14:30:34,27.9769,-114.0611,65.8,76,39,3.27
307,Itacoatiara,BR,2021-06-14 14:34:48,-3.1431,-58.4442,81.18,87,78,1.92
308,Srednekolymsk,RU,2021-06-14 14:34:49,67.45,153.6833,57.61,73,99,2.82
309,Tadine,NC,2021-06-14 14:34:49,-21.55,167.8833,73.42,88,7,9.01
310,Te Anau,NZ,2021-06-14 14:34:50,-45.4167,167.7167,48.56,97,100,1.28
311,Hithadhoo,MV,2021-06-14 14:34:51,-0.6,73.0833,82.63,74,57,9.15
312,Farmington,US,2021-06-14 14:32:15,36.7281,-108.2187,83.21,19,1,9.22
313,Marpod,RO,2021-06-14 14:34:52,45.8714,24.4965,55.44,89,99,5.73
314,Ihosy,MG,2021-06-14 14:34:53,-22.4,46.1167,61.57,90,39,2.95
315,Oskarshamn,SE,2021-06-14 14:34:53,57.2645,16.4484,73.17,39,39,14.07
316,Damphu,BT,2021-06-14 14:34:54,27.0721,90.1096,72.1,96,53,2.1
317,Tulum,MX,2021-06-14 14:34:55,20.2167,-87.4667,76.98,92,100,7.02
318,Kathu,TH,2021-06-14 14:34:55,7.9178,98.3332,85.69,79,30,5.14
319,Kalanguy,RU,2021-06-14 14:34:56,51.0167,116.5167,54.84,63,100,3.27
320,Broome,US,2021-06-14 14:34:56,42.2506,-75.833,75.56,79,40,3.0
321,Pareora,NZ,2021-06-14 14:34:57,-44.4871,171.2132,50.18,97,3,2.37
322,Mazyr,BY,2021-06-14 14:34:58,52.0495,29.2456,72.19,59,16,4.61
323,Arawa,PG,2021-06-14 14:34:59,-6.2132,155.5367,76.28,93,100,4.68
324,Llata,PE,2021-06-14 14:34:59,-9.4167,-76.7833,60.1,61,49,4.7
325,Olafsvik,IS,2021-06-14 14:35:00,64.8945,-23.7142,42.35,56,73,17.85
326,Northam,GB,2021-06-14 14:35:00,51.0333,-4.2167,76.62,87,100,11.99
327,Saint George,US,2021-06-14 14:31:01,37.1041,-113.5841,89.35,13,1,1.99
328,Lavrentiya,RU,2021-06-14 14:35:04,65.5833,-171.0,34.68,99,100,6.33
329,Ylivieska,FI,2021-06-14 14:35:05,64.0833,24.55,60.89,62,97,6.11
330,Champawat,IN,2021-06-14 14:35:05,29.3333,80.1,64.65,92,38,1.01
331,Glasgow,GB,2021-06-14 14:34:14,55.8652,-4.2576,58.69,75,75,19.57
332,Coracao De Jesus,BR,2021-06-14 14:35:06,-16.6853,-44.365,72.32,35,0,4.9
333,Charters Towers,AU,2021-06-14 14:35:07,-20.1,146.2667,67.59,80,63,7.78
334,Redcar,GB,2021-06-14 14:35:07,54.6166,-1.06,64.38,45,100,13.31
335,Teahupoo,PF,2021-06-14 14:35:08,-17.8333,-149.2667,69.76,80,78,15.77
336,Smoky Lake,CA,2021-06-14 14:35:08,54.1169,-112.4686,62.49,94,69,10.36
337,Napier,NZ,2021-06-14 14:34:01,-39.4833,176.9167,54.25,96,30,3.0
338,Coolum Beach,AU,2021-06-14 14:35:09,-26.5333,153.1,59.34,96,93,4.79
339,Samarai,PG,2021-06-14 14:35:10,-10.6167,150.6667,80.4,86,35,12.41
340,Taltal,CL,2021-06-14 14:35:11,-25.4,-70.4833,61.16,76,44,4.61
341,Egvekinot,RU,2021-06-14 14:35:11,66.3167,-179.1667,32.58,98,100,8.19
342,Kiruna,SE,2021-06-14 14:35:12,67.8557,20.2251,56.32,47,75,6.91
343,Goderich,CA,2021-06-14 14:30:18,43.7501,-81.7165,65.21,77,10,5.75
344,Port Moresby,PG,2021-06-14 14:30:27,-9.4431,147.1797,76.42,94,40,3.44
345,Krasnoselkup,RU,2021-06-14 14:35:13,65.7,82.4667,62.37,83,92,11.03
346,Emerald,AU,2021-06-14 14:35:14,-23.5333,148.1667,66.34,100,90,3.44
347,Teknaf,BD,2021-06-14 14:35:15,20.8624,92.3058,81.5,88,84,16.13
348,Alice Springs,AU,2021-06-14 14:31:17,-23.7,133.8833,51.35,76,0,5.75
349,Ponta Delgada,PT,2021-06-14 14:35:16,37.7333,-25.6667,75.92,60,20,10.36
350,Isangel,VU,2021-06-14 14:35:16,-19.55,169.2667,75.15,89,97,9.04
351,Anadyr,RU,2021-06-14 14:35:17,64.75,177.4833,39.7,93,75,2.24
352,North Platte,US,2021-06-14 14:35:18,41.1239,-100.7654,77.99,71,1,1.01
353,Drayton Valley,CA,2021-06-14 14:35:18,53.2168,-114.9854,60.91,82,55,3.53
354,Mao,ES,2021-06-14 14:35:19,39.8885,4.2658,82.96,54,0,6.91
355,Nome,US,2021-06-14 14:33:34,64.5011,-165.4064,48.27,87,90,16.11
356,Brae,GB,2021-06-14 14:35:20,60.3964,-1.353,51.71,84,80,24.36
357,Coihaique,CL,2021-06-14 14:35:21,-45.5752,-72.0662,38.01,75,20,5.75
358,Ipixuna,BR,2021-06-14 14:35:21,-1.7625,-48.8043,82.35,54,57,3.65
359,Soto La Marina,MX,2021-06-14 14:35:22,23.7667,-98.2167,82.78,54,45,1.43
360,Likhoy,RU,2021-06-14 14:35:22,48.1266,40.2056,79.11,50,36,2.82
361,Masindi,UG,2021-06-14 14:35:23,1.6744,31.715,78.37,61,92,4.43
362,Lekoni,GA,2021-06-14 14:35:23,-1.5843,14.2591,87.39,42,85,3.0
363,Mujiayingzi,CN,2021-06-14 14:35:24,42.1167,118.7833,68.14,83,9,3.91
364,Cayenne,GF,2021-06-14 14:35:25,4.9333,-52.3333,87.84,79,75,1.99
365,Loubomo,CG,2021-06-14 14:35:26,-4.1997,12.6739,90.23,39,46,1.81
366,Bilma,NE,2021-06-14 14:35:26,18.6853,12.9164,104.58,9,16,5.97
367,Margate,GB,2021-06-14 14:32:08,51.3813,1.3862,80.46,75,48,8.43
368,Fergus Falls,US,2021-06-14 14:33:55,46.283,-96.0776,75.87,50,1,0.0
369,Crotone,IT,2021-06-14 14:35:27,39.0851,17.1178,78.75,33,0,14.97
370,Kristianstad,SE,2021-06-14 14:35:28,56.0313,14.1524,73.54,49,0,12.66
371,San Andres,CO,2021-06-14 14:35:28,12.5847,-81.7006,80.62,89,75,4.61
372,Boa Vista,BR,2021-06-14 14:31:26,2.8197,-60.6733,80.58,78,40,4.61
373,Pacific Grove,US,2021-06-14 14:35:30,36.6177,-121.9166,65.44,90,75,1.01
374,Cabedelo,BR,2021-06-14 14:35:30,-6.9811,-34.8339,84.87,72,98,10.38
375,Pacifica,US,2021-06-14 14:33:02,37.6138,-122.4869,67.71,94,90,1.99
376,Umba,RU,2021-06-14 14:35:31,66.6871,34.3429,56.53,53,97,7.85
377,Champerico,GT,2021-06-14 14:35:32,14.3,-91.9167,89.35,73,100,3.53
378,Assomada,CV,2021-06-14 14:35:32,15.1,-23.6833,81.95,69,84,12.1
379,Kirakira,SB,2021-06-14 14:35:33,-10.4544,161.9205,78.35,81,65,7.87
380,Duayaw Nkwanta,GH,2021-06-14 14:35:33,7.1724,-2.1028,80.02,83,84,2.19
381,Clyde River,CA,2021-06-14 14:35:34,70.4692,-68.5914,32.23,93,75,8.05
382,Tura,IN,2021-06-14 14:35:34,25.5198,90.2201,77.58,89,7,5.91
383,San Francisco Del Mar,MX,2021-06-14 14:35:36,16.2333,-94.65,80.67,77,100,5.08
384,Shieli,KZ,2021-06-14 14:35:36,44.1667,66.75,80.89,14,0,14.85
385,Bridlington,GB,2021-06-14 14:35:37,54.0831,-0.1919,68.9,68,100,11.63
386,Petrivka,UA,2021-06-14 14:35:38,46.9695,30.9591,70.25,67,87,10.58
387,Marzuq,YE,2021-06-14 14:35:38,14.4,46.4667,91.92,10,99,4.94
388,Los Algarrobos,PA,2021-06-14 14:35:39,8.5,-82.4333,82.45,100,75,0.0
389,Port Keats,AU,2021-06-14 14:35:39,-14.25,129.55,70.74,55,97,2.91
390,Upata,VE,2021-06-14 14:35:40,8.0086,-62.3989,80.19,56,36,7.43
391,Tiksi,RU,2021-06-14 14:35:41,71.6872,128.8694,42.75,66,16,8.88
392,Bikramganj,IN,2021-06-14 14:35:41,25.2,84.25,83.39,83,100,4.63
393,Sakakah,SA,2021-06-14 14:34:14,29.9697,40.2064,110.77,8,0,13.8
394,Udachnyy,RU,2021-06-14 14:35:42,66.4167,112.4,44.85,64,18,1.66
395,Fiumicino,IT,2021-06-14 14:35:43,41.7675,12.2291,85.48,72,20,9.22
396,Sola,VU,2021-06-14 14:35:43,-13.8833,167.55,80.64,76,81,14.07
397,Buta,CD,2021-06-14 14:35:44,2.7858,24.73,88.93,47,99,3.62
398,Gao,ML,2021-06-14 14:35:45,16.6362,1.637,111.04,5,5,17.11
399,Douentza,ML,2021-06-14 14:35:46,14.9951,-2.9517,108.14,15,99,8.61
400,Sistranda,NO,2021-06-14 14:35:47,63.7256,8.834,54.9,84,100,14.18
401,Zalantun,CN,2021-06-14 14:35:47,48.0,122.7167,63.93,98,100,1.32
402,Telimele,GN,2021-06-14 14:35:48,10.9167,-13.3333,86.76,56,91,2.42
403,Marabba,SD,2021-06-14 14:35:48,12.35,32.1833,93.31,38,98,14.83
404,Kamaishi,JP,2021-06-14 14:35:49,39.2667,141.8833,64.24,92,99,4.65
405,Morant Bay,JM,2021-06-14 14:35:50,17.8815,-76.4093,85.66,73,98,12.12
406,Prince Rupert,CA,2021-06-14 14:35:50,54.3161,-130.3201,55.49,77,20,4.61
407,Khuzdar,PK,2021-06-14 14:35:51,27.7384,66.6434,93.42,11,0,2.33
408,Woodbury,US,2021-06-14 14:31:20,42.3833,-96.0336,75.6,68,100,7.47
409,Onoda,JP,2021-06-14 14:35:52,34.0014,131.1836,74.28,89,100,6.04
410,Grindavik,IS,2021-06-14 14:35:52,63.8424,-22.4338,48.15,57,20,18.41
411,Luderitz,NA,2021-06-14 14:35:53,-26.6481,15.1594,68.36,56,84,8.01
412,Pevek,RU,2021-06-14 14:35:53,69.7008,170.3133,29.59,89,42,3.29
413,Bethanien,NA,2021-06-14 14:35:54,-26.502,17.1583,78.48,17,42,4.12
414,Semey,KZ,2021-06-14 14:35:55,50.4111,80.2275,75.42,43,40,2.24
415,Cairns,AU,2021-06-14 14:32:10,-16.9167,145.7667,73.06,96,18,0.0
416,Shimoda,JP,2021-06-14 14:35:56,34.6667,138.95,68.16,84,15,1.48
417,Houma,US,2021-06-14 14:35:56,29.5958,-90.7195,84.0,78,40,6.91
418,Ruidoso,US,2021-06-14 14:32:40,33.3317,-105.673,81.45,28,1,6.91
419,Myski,RU,2021-06-14 14:35:57,53.709,87.8014,51.35,97,65,3.94
420,Manaus,BR,2021-06-14 14:32:43,-3.1019,-60.025,81.1,89,75,4.61
421,Ladario,BR,2021-06-14 14:35:58,-19.0047,-57.6017,79.09,53,0,9.22
422,Fare,PF,2021-06-14 14:35:59,-16.7,-151.0167,80.67,73,55,15.59
423,Sevlievo,BG,2021-06-14 14:35:59,43.0258,25.1136,69.55,79,92,8.41
424,Ojinaga,MX,2021-06-14 14:36:00,29.5667,-104.4167,87.57,30,1,8.05
425,Ambilobe,MG,2021-06-14 14:36:01,-13.2,49.05,73.08,86,38,1.61
426,Gwadar,PK,2021-06-14 14:36:01,25.1216,62.3254,84.11,82,0,10.13
427,Byron Bay,AU,2021-06-14 14:34:18,-28.65,153.6167,54.88,83,0,5.77
428,Imeni Babushkina,RU,2021-06-14 14:36:02,59.7573,43.1285,60.98,95,99,0.67
429,Okhotsk,RU,2021-06-14 14:36:03,59.3833,143.3,46.2,78,100,5.79
430,Port Lincoln,AU,2021-06-14 14:36:04,-34.7333,135.8667,55.87,69,36,7.63
431,Terrace,CA,2021-06-14 14:36:04,54.5163,-128.6035,53.51,100,90,6.91
432,Eyl,SO,2021-06-14 14:36:05,7.9803,49.8164,81.05,72,100,24.7
433,Beidao,CN,2021-06-14 14:36:06,34.5686,105.8933,64.29,91,3,2.64
434,Vostok,RU,2021-06-14 14:36:06,46.4856,135.8833,51.13,86,0,5.14
435,Chokurdakh,RU,2021-06-14 14:36:07,70.6333,147.9167,52.09,73,93,8.68
436,Praia,CV,2021-06-14 14:36:07,14.9215,-23.5087,86.54,48,20,11.5
437,Vila Velha,BR,2021-06-14 14:33:01,-20.3297,-40.2925,76.96,62,0,15.99
438,Amapa,BR,2021-06-14 14:36:08,1.0,-52.0,86.68,56,57,4.05
439,Makakilo City,US,2021-06-14 14:36:09,21.3469,-158.0858,73.72,75,20,3.44
440,Arvin,US,2021-06-14 14:31:35,35.2091,-118.8284,82.85,72,59,4.5
441,Seoul,KR,2021-06-14 14:33:42,37.5683,126.9778,73.0,81,0,3.44
442,Port-Gentil,GA,2021-06-14 14:36:10,-0.7193,8.7815,85.96,70,20,11.5
443,Vila,PT,2021-06-14 14:36:11,42.0304,-8.1588,82.74,50,66,2.93
444,Dandong,CN,2021-06-14 14:36:11,40.1292,124.3947,64.96,88,100,1.68
445,Pochutla,MX,2021-06-14 14:36:12,15.7432,-96.4661,83.82,71,93,1.43
446,Methoni,GR,2021-06-14 14:36:13,36.8197,21.7049,81.21,65,0,19.44
447,Rio Gallegos,AR,2021-06-14 14:36:13,-51.6226,-69.2181,35.65,75,0,18.41
448,Saldanha,ZA,2021-06-14 14:36:14,-33.0117,17.9442,66.25,72,0,5.3
449,Vilhena,BR,2021-06-14 14:36:16,-12.7406,-60.1458,79.02,65,0,4.61
450,Kulhudhuffushi,MV,2021-06-14 14:36:17,6.6221,73.07,83.01,77,96,18.41
451,Lubango,AO,2021-06-14 14:33:26,-14.9172,13.4925,73.26,13,0,4.61
452,Otane,NZ,2021-06-14 14:36:18,-39.8833,176.6333,58.39,96,47,2.35
453,Lulea,SE,2021-06-14 14:36:18,65.5842,22.1547,57.27,67,0,14.97
454,Pitkyaranta,RU,2021-06-14 14:36:19,61.5734,31.4792,58.19,57,71,12.06
455,Xam Nua,LA,2021-06-14 14:36:19,20.4197,104.0439,69.55,90,81,2.55
456,Nagornyy,RU,2021-06-14 14:36:20,52.7959,83.5498,67.35,74,10,7.16
457,Chumikan,RU,2021-06-14 14:36:21,54.7183,135.315,40.98,71,80,1.01
458,Pala,TD,2021-06-14 14:36:21,9.3642,14.9046,100.04,26,20,2.35
459,Portland,US,2021-06-14 14:36:07,45.5234,-122.6762,62.58,94,90,1.01
460,Tiarei,PF,2021-06-14 14:36:22,-17.5333,-149.3333,75.22,79,66,16.02
461,Muros,ES,2021-06-14 14:36:23,42.7762,-9.0603,88.3,45,51,8.48
462,Avera,US,2021-06-14 14:36:23,33.194,-82.5271,83.44,58,81,2.13
463,Portobelo,PA,2021-06-14 14:36:24,9.55,-79.65,79.21,72,100,4.21
464,San Carlos De Bariloche,AR,2021-06-14 14:36:25,-41.1456,-71.3082,29.95,64,0,3.44
465,Hargeysa,SO,2021-06-14 14:36:25,9.56,44.065,83.79,31,89,18.72
466,Sirjan,IR,2021-06-14 14:36:26,29.452,55.6814,96.1,7,0,6.89
467,Destin,US,2021-06-14 14:36:27,30.3935,-86.4958,87.96,68,1,3.44
468,Waipawa,NZ,2021-06-14 14:36:27,-41.4122,175.5153,56.03,85,41,13.2
469,Albemarle,US,2021-06-14 14:33:17,35.3501,-80.2001,83.79,75,1,6.91
470,Victoria,HK,2021-06-14 14:34:04,22.2855,114.1577,85.32,85,81,1.01
471,Grimshaw,CA,2021-06-14 14:36:29,56.1834,-117.6027,62.22,55,75,14.97
472,Obo,CF,2021-06-14 14:36:29,5.3998,26.4869,81.12,71,100,1.57
473,Kerema,PG,2021-06-14 14:36:30,-7.9631,145.7785,78.06,88,100,2.91
474,Tautira,PF,2021-06-14 14:36:31,-17.7333,-149.15,75.22,80,75,15.79
475,Neiafu,TO,2021-06-14 14:36:31,-18.65,-173.9833,77.68,83,75,9.22
476,Polyanka,UA,2021-06-14 14:36:32,50.2584,27.6881,67.77,74,82,8.99
477,Russell,US,2021-06-14 14:36:32,32.3502,-85.1999,83.52,69,1,3.44
478,Asau,RO,2021-06-14 14:36:33,46.4333,26.4,58.12,90,98,3.11
479,Inirida,CO,2021-06-14 14:36:34,3.8653,-67.9239,78.96,87,98,1.39
480,Channel-Port Aux Basques,CA,2021-06-14 14:36:34,47.5702,-59.1367,50.77,75,57,9.01
481,Loding,NO,2021-06-14 14:36:35,67.3,14.75,51.55,88,75,2.3
482,Cockburn Town,TC,2021-06-14 14:34:30,21.4612,-71.1419,84.16,70,40,13.8
483,Shellbrook,CA,2021-06-14 14:36:36,53.2168,-106.4011,70.83,57,36,11.05
484,Bulgan,MN,2021-06-14 14:36:36,48.8125,103.5347,51.4,80,100,2.44
485,Caravelas,BR,2021-06-14 14:36:37,-17.7125,-39.2481,76.59,60,58,11.74
486,Huarmey,PE,2021-06-14 14:36:37,-10.0681,-78.1522,68.94,78,20,7.18
487,Lata,PT,2021-06-14 14:36:38,40.1629,-8.3327,89.35,50,50,10.92
488,Matamoros,MX,2021-06-14 14:34:01,25.5333,-103.25,79.11,45,1,0.0
489,Jishou,CN,2021-06-14 14:36:39,28.3167,109.7167,78.49,89,91,2.42
490,Belem De Sao Francisco,BR,2021-06-14 14:36:40,-8.7539,-38.9658,88.47,38,37,12.35
491,Vanavara,RU,2021-06-14 14:36:40,60.34,102.2797,45.01,84,100,3.85
492,Zhuhai,CN,2021-06-14 14:36:41,22.2769,113.5678,85.05,89,40,10.36
493,Chiredzi,ZW,2021-06-14 14:36:41,-21.05,31.6667,71.92,33,0,3.71
494,Changli,CN,2021-06-14 14:36:42,39.7042,119.1506,67.95,88,96,5.39
495,Salinopolis,BR,2021-06-14 14:36:42,-0.6136,-47.3561,84.96,64,53,8.1
496,Menongue,AO,2021-06-14 14:36:43,-14.6585,17.691,77.59,13,50,6.38
497,Ankpa,NG,2021-06-14 14:36:43,7.3706,7.6253,85.1,63,99,6.06
498,Sturgeon Falls,CA,2021-06-14 14:36:44,46.3646,-79.9326,62.56,96,100,5.75
499,Key West,US,2021-06-14 14:36:45,24.5557,-81.7826,86.0,74,20,13.8
500,Rosarito,MX,2021-06-14 14:36:45,32.3333,-117.0333,67.24,67,7,9.24
501,Panguna,PG,2021-06-14 14:36:46,-6.3164,155.4848,67.64,97,100,2.64
502,Gaoual,GN,2021-06-14 14:36:46,11.75,-13.2,94.24,46,50,3.2
503,Aksha,RU,2021-06-14 14:35:12,50.2814,113.2867,55.92,54,66,3.94
504,Veraval,IN,2021-06-14 14:36:47,20.9,70.3667,85.21,78,16,16.15
505,Baruun-Urt,MN,2021-06-14 14:36:48,46.6806,113.2792,58.46,64,0,0.98
506,Nakamura,JP,2021-06-14 14:36:49,32.9833,132.9333,67.96,96,77,1.07
507,Yerbogachen,RU,2021-06-14 14:36:50,61.2767,108.0108,47.25,83,100,8.1
508,Teguldet,RU,2021-06-14 14:36:50,57.3064,88.1667,52.29,60,59,3.49
509,Kholodnyy,RU,2021-06-14 14:36:51,62.7167,147.95,49.23,68,25,5.7
510,Saint-Francois,FR,2021-06-14 14:36:51,46.4154,3.9054,87.67,37,0,6.91
511,Trelew,AR,2021-06-14 14:36:52,-43.249,-65.3051,44.82,50,2,17.34
512,Lasa,IT,2021-06-14 14:36:53,46.6166,10.7002,86.88,34,0,5.3
513,Zhangjiakou,CN,2021-06-14 14:36:53,40.81,114.8794,73.36,71,83,3.62
514,Sao Joao Da Barra,BR,2021-06-14 14:36:54,-21.6403,-41.0511,73.49,55,4,6.69
515,Zaokskiy,RU,2021-06-14 14:36:54,54.7306,37.4089,71.78,77,46,3.27
516,Kifri,IQ,2021-06-14 14:36:55,34.6959,44.9661,102.94,10,0,17.36
517,Uruzgan,AF,2021-06-14 14:36:56,32.8333,66.0,79.9,9,0,8.84
518,Sardinia,GR,2021-06-14 14:36:56,38.8833,21.2,77.92,65,74,3.24
519,Sao Lourenco Do Sul,BR,2021-06-14 14:36:57,-31.3653,-51.9783,65.89,60,0,4.52
520,Mayor Pablo Lagerenza,PY,2021-06-14 14:36:58,-19.9309,-60.7718,82.35,39,0,6.89
521,Kholtoson,RU,2021-06-14 14:36:58,50.2981,103.3097,46.98,92,97,3.31
522,Yuncheng,CN,2021-06-14 14:36:59,35.0231,110.9928,73.49,89,99,4.92
523,Yulara,AU,2021-06-14 14:37:00,-25.2406,130.9889,51.64,54,0,5.75
524,Hambantota,LK,2021-06-14 14:37:01,6.1241,81.1185,82.74,78,20,10.36
525,Bitung,ID,2021-06-14 14:37:01,1.4451,125.1824,74.25,95,100,3.15
526,Aubenas,FR,2021-06-14 14:32:49,44.6201,4.3899,94.17,36,4,7.52
527,Gigmoto,PH,2021-06-14 14:37:02,13.7796,124.39,80.94,84,6,5.41
528,Worland,US,2021-06-14 14:37:03,44.0169,-107.9554,81.75,34,1,5.75
529,Tateyama,JP,2021-06-14 14:37:04,34.9833,139.8667,69.98,75,17,4.34
530,Boca Do Acre,BR,2021-06-14 14:37:05,-8.7522,-67.3978,86.38,50,6,0.98
531,Laguna,US,2021-06-14 14:37:05,38.421,-121.4238,68.97,86,1,3.0
532,Shitanjing,CN,2021-06-14 14:37:06,39.2342,106.3439,71.28,46,41,2.17
533,Vila Do Maio,CV,2021-06-14 14:37:07,15.1333,-23.2167,86.79,86,90,15.82
534,Kurchum,KZ,2021-06-14 14:37:08,48.5722,83.6542,61.07,68,1,8.41
535,Shelburne,CA,2021-06-14 14:37:08,44.0787,-80.2041,64.11,56,56,14.14
536,Niamey,NE,2021-06-14 14:37:09,13.5137,2.1098,104.29,24,0,9.22
537,Manaure,CO,2021-06-14 14:37:10,11.7751,-72.4445,88.14,56,8,17.09
538,Talaya,RU,2021-06-14 14:37:10,61.3833,152.75,51.91,62,0,8.97
539,Shetpe,KZ,2021-06-14 14:37:11,44.1667,52.1167,88.2,33,0,13.27
540,Meulaboh,ID,2021-06-14 14:37:11,4.1363,96.1285,79.11,86,86,3.06
541,Itarema,BR,2021-06-14 14:37:12,-2.9248,-39.9167,86.18,60,21,14.83
542,Ahtopol,BG,2021-06-14 14:37:13,42.1,27.95,63.07,61,100,5.61
543,Dunedin,NZ,2021-06-14 14:37:13,-45.8742,170.5036,48.79,97,14,1.95
544,Pangnirtung,CA,2021-06-14 14:37:14,66.1451,-65.7125,33.8,93,90,16.11
545,Boende,CD,2021-06-14 14:37:14,-0.2167,20.8667,83.77,58,97,1.1
546,Iquitos,PE,2021-06-14 14:37:15,-3.7481,-73.2472,80.64,78,75,3.44
547,Jiaxing,CN,2021-06-14 14:37:16,30.7522,120.75,82.42,93,100,6.04
548,Masuda,JP,2021-06-14 14:37:16,34.6667,131.85,73.13,95,97,2.68
549,Bhadrachalam,IN,2021-06-14 14:37:17,17.6667,80.8833,77.83,84,100,2.64
550,Wajir,KE,2021-06-14 14:37:18,1.7471,40.0573,89.31,31,97,14.07
551,Sorland,NO,2021-06-14 14:37:18,67.667,12.6934,50.07,61,0,4.61
552,Bembibre,ES,2021-06-14 14:37:19,42.6177,-6.4155,89.15,27,74,5.01
553,Barra Do Bugres,BR,2021-06-14 14:37:19,-15.0725,-57.1811,91.62,34,2,1.45
554,Uyuni,BO,2021-06-14 14:37:20,-20.4597,-66.825,42.01,19,52,5.44
555,Cobija,BO,2021-06-14 14:37:20,-11.0267,-68.7692,77.18,78,5,4.61
556,Albacete,ES,2021-06-14 14:37:21,38.8333,-2.0,88.61,22,0,5.75
557,Miles City,US,2021-06-14 14:37:22,46.4083,-105.8406,74.52,40,1,5.75
558,Kabalo,CD,2021-06-14 14:37:22,-6.05,26.9167,90.75,26,85,4.45
559,Murmansk,RU,2021-06-14 14:37:23,68.0,34.0,60.06,37,68,11.95
560,Mangai,CD,2021-06-14 14:37:24,-4.05,19.5333,92.86,22,94,2.66
